2024-11-14T09:33:14.857629,exit
2024-11-14T09:47:44.781180,mkdir projects
2024-11-14T09:48:10.071550,ls
2024-11-14T09:48:19.838494,"echo ""Compilation complete."""
2024-11-14T09:50:11.347031,mkdir projects
2024-11-14T09:50:17.349846,cd projects
2024-11-14T09:50:25.336450,ls
2024-11-14T09:50:31.466826,"echo ""Compilation complete."""
2024-11-14T09:51:05.254755,mkdir my
2024-11-14T09:51:12.747772,cd my
2024-11-14T09:51:16.404812,exit
2024-11-14T09:58:15.548732,mkdir projects
2024-11-14T09:58:19.854407,cd projects
2024-11-14T09:58:27.688582,ls
2024-11-14T09:58:34.247815,"echo ""Compilation complete."""
2024-11-14T09:58:40.150986,exit
